{
  "project_info": {
    "project_number": "285751089334",
    "firebase_url": "https://homecook01.firebaseio.com",
    "project_id": "homecook01",
    "storage_bucket": "homecook01.appspot.com"
  },
  "client": [
    {
      "client_info": {
        "mobilesdk_app_id": "1:285751089334:android:665ab17c762a1c16",
        "android_client_info": {
          "package_name": "com.example.test.exam2"
        }
      },
      "oauth_client": [
        {
          "client_id": "285751089334-mkno14dq6c0mveld3a6iskl96kneqgk1.apps.googleusercontent.com",
          "client_type": 1,
          "android_info": {
            "package_name": "com.example.test.exam2",
            "certificate_hash": "ca14bc9b4223cb41c45b6722b1c918d6b1704e74"
          }
        },
        {
          "client_id": "285751089334-uu0ts6mdv65hq1t4rnj2dhmvortvrubg.apps.googleusercontent.com",
          "client_type": 3
        }
      ],
      "api_key": [
        {
          "current_key": "AIzaSyAUDlrAtOfduEia5WMMFIuOWoWnQI0vznM"
        }
      ],
      "services": {
        "analytics_service": {
          "status": 1
        },
        "appinvite_service": {
          "status": 2,
          "other_platform_oauth_client": [
            {
              "client_id": "285751089334-uu0ts6mdv65hq1t4rnj2dhmvortvrubg.apps.googleusercontent.com",
              "client_type": 3
            }
          ]
        },
        "ads_service": {
          "status": 2
        }
      }
    },
    {
      "client_info": {
        "mobilesdk_app_id": "1:285751089334:android:fdf47772f8aa0eca",
        "android_client_info": {
          "package_name": "com.example.test.myapplication"
        }
      },
      "oauth_client": [
        {
          "client_id": "285751089334-e01sucq2hrvugen42iha8iihfugb0i9p.apps.googleusercontent.com",
          "client_type": 1,
          "android_info": {
            "package_name": "com.example.test.myapplication",
            "certificate_hash": "ca14bc9b4223cb41c45b6722b1c918d6b1704e74"
          }
        },
        {
          "client_id": "285751089334-uu0ts6mdv65hq1t4rnj2dhmvortvrubg.apps.googleusercontent.com",
          "client_type": 3
        }
      ],
      "api_key": [
        {
          "current_key": "AIzaSyAUDlrAtOfduEia5WMMFIuOWoWnQI0vznM"
        }
      ],
      "services": {
        "analytics_service": {
          "status": 1
        },
        "appinvite_service": {
          "status": 2,
          "other_platform_oauth_client": [
            {
              "client_id": "285751089334-uu0ts6mdv65hq1t4rnj2dhmvortvrubg.apps.googleusercontent.com",
              "client_type": 3
            }
          ]
        },
        "ads_service": {
          "status": 2
        }
      }
    },
    {
      "client_info": {
        "mobilesdk_app_id": "1:285751089334:android:74939b20720aa915",
        "android_client_info": {
          "package_name": "il.co.appschool.attemp2"
        }
      },
      "oauth_client": [
        {
          "client_id": "285751089334-s14u9377j48ha4qrpo45c97hdg9bb2id.apps.googleusercontent.com",
          "client_type": 1,
          "android_info": {
            "package_name": "il.co.appschool.attemp2",
            "certificate_hash": "090a1ef38c072b867cac2c1a7f5170d08ce712a2"
          }
        },
        {
          "client_id": "285751089334-uu0ts6mdv65hq1t4rnj2dhmvortvrubg.apps.googleusercontent.com",
          "client_type": 3
        }
      ],
      "api_key": [
        {
          "current_key": "AIzaSyAUDlrAtOfduEia5WMMFIuOWoWnQI0vznM"
        }
      ],
      "services": {
        "analytics_service": {
          "status": 1
        },
        "appinvite_service": {
          "status": 2,
          "other_platform_oauth_client": [
            {
              "client_id": "285751089334-uu0ts6mdv65hq1t4rnj2dhmvortvrubg.apps.googleusercontent.com",
              "client_type": 3
            }
          ]
        },
        "ads_service": {
          "status": 2
        }
      }
    },
    {
      "client_info": {
        "mobilesdk_app_id": "1:285751089334:android:caf3082bcce2dcca",
        "android_client_info": {
          "package_name": "il.co.appschool.homecook"
        }
      },
      "oauth_client": [
        {
          "client_id": "285751089334-r2avcsn7olej0c1htmgn7g6vik5c3okt.apps.googleusercontent.com",
          "client_type": 1,
          "android_info": {
            "package_name": "il.co.appschool.homecook",
            "certificate_hash": "090a1ef38c072b867cac2c1a7f5170d08ce712a2"
          }
        },
        {
          "client_id": "285751089334-uu0ts6mdv65hq1t4rnj2dhmvortvrubg.apps.googleusercontent.com",
          "client_type": 3
        }
      ],
      "api_key": [
        {
          "current_key": "AIzaSyAUDlrAtOfduEia5WMMFIuOWoWnQI0vznM"
        }
      ],
      "services": {
        "analytics_service": {
          "status": 1
        },
        "appinvite_service": {
          "status": 2,
          "other_platform_oauth_client": [
            {
              "client_id": "285751089334-uu0ts6mdv65hq1t4rnj2dhmvortvrubg.apps.googleusercontent.com",
              "client_type": 3
            }
          ]
        },
        "ads_service": {
          "status": 2
        }
      }
    },
    {
      "client_info": {
        "mobilesdk_app_id": "1:285751089334:android:3087f0072e0ca609",
        "android_client_info": {
          "package_name": "il.co.appschool.myapplication"
        }
      },
      "oauth_client": [
        {
          "client_id": "285751089334-c7acrofna1p73ov49o8mj2t5o5ak2rp1.apps.googleusercontent.com",
          "client_type": 1,
          "android_info": {
            "package_name": "il.co.appschool.myapplication",
            "certificate_hash": "090a1ef38c072b867cac2c1a7f5170d08ce712a2"
          }
        },
        {
          "client_id": "285751089334-uu0ts6mdv65hq1t4rnj2dhmvortvrubg.apps.googleusercontent.com",
          "client_type": 3
        }
      ],
      "api_key": [
        {
          "current_key": "AIzaSyAUDlrAtOfduEia5WMMFIuOWoWnQI0vznM"
        }
      ],
      "services": {
        "analytics_service": {
          "status": 1
        },
        "appinvite_service": {
          "status": 2,
          "other_platform_oauth_client": [
            {
              "client_id": "285751089334-uu0ts6mdv65hq1t4rnj2dhmvortvrubg.apps.googleusercontent.com",
              "client_type": 3
            }
          ]
        },
        "ads_service": {
          "status": 2
        }
      }
    }
  ],
  "configuration_version": "1"
}